TestId,Date,Time,Name,Calorie Intake
pmSykcXq3sf2Yt4CIG6S,09/19/2022,08:47:49,abU58h8GqrgqG19iryFe,99
pmSykcXq3sf2Yt4CIG6S,09/19/2022,08:47:49,abU58h8GqrgqG19iryFe,99
pmSykcXq3sf2Yt4CIG6S,09/19/2022,08:47:49,abU58h8GqrgqG19iryFe,99
zIbuQEThkNHbGIo56s8v,09/19/2022,08:45:59,abU58h8GqrgqG19iryFe,98
bV01kX7Vit6V7t4Yiqui,09/19/2022,08:42:14,abU58h8GqrgqG19iryFe,97
tWKigDcohlyEEmjzAHUD,09/16/2022,13:12:58,abU58h8GqrgqG19iryFe,96
ggAorJJ6mVVwWNbExDLU,09/16/2022,13:12:50,abU58h8GqrgqG19iryFe,95
u2MyoMg79liJ75pESfcQ,09/16/2022,13:12:38,abU58h8GqrgqG19iryFe,94
2iGUb8YJqUJhgpPNE5LD,09/15/2022,12:21:46,abU58h8GqrgqG19iryFe,93
jFjof4GBoW3BSg8vMwsa,09/15/2022,12:21:34,abU58h8GqrgqG19iryFe,92
OLoLdi3zSpYrF5rnAhbp,09/15/2022,12:21:23,abU58h8GqrgqG19iryFe,91
hHieCbqXf1D9bULXKFZW,09/14/2022,12:56:38,abU58h8GqrgqG19iryFe,90
zIh56NqofsHv90XErU54,09/14/2022,12:56:29,abU58h8GqrgqG19iryFe,99
nQEFF0u2AARVzzaxpwJB,09/14/2022,12:56:16,abU58h8GqrgqG19iryFe,98
a4yGpEhc4Tg2ap6aws7U,09/13/2022,12:00:54,abU58h8GqrgqG19iryFe,97
oY8CedtYcfMWanOaXp2n,09/13/2022,12:00:38,abU58h8GqrgqG19iryFe,96
skjWEDL253KZobmzV20r,09/13/2022,12:00:30,abU58h8GqrgqG19iryFe,95
SFgi3OseTOcMQGniRM0l,09/13/2022,12:00:22,abU58h8GqrgqG19iryFe,94
MRjYT7nHxOwSl1S8javH,09/12/2022,12:16:22,abU58h8GqrgqG19iryFe,93
adYSaO5yHLbv8EHHkdME,09/12/2022,12:16:10,abU58h8GqrgqG19iryFe,92
JabJaUqudBET7J6EaR1M,09/06/2022,11:33:21,abU58h8GqrgqG19iryFe,91
5xE6UEX2WqIVZ2TQTXzS,09/06/2022,11:28:55,abU58h8GqrgqG19iryFe,90
Co974rJesQ2cJoqJYP5x,08/23/2022,11:10:00,abU58h8GqrgqG19iryFe,99
r5k1JKp8bZtdzQvzNl7l,08/23/2022,07:26:58,abU58h8GqrgqG19iryFe,98
iG2og5w6C36C8PAcPI9q,06/22/2022,10:43:16,abU58h8GqrgqG19iryFe,97
ijQQETWD7dUhSrHldVZ4,06/22/2022,10:43:05,abU58h8GqrgqG19iryFe,96
QT86SJMStpRs9rXdCnCT,06/22/2022,10:42:54,abU58h8GqrgqG19iryFe,95
oq1vM1cBJGXZFZk1PPoG,06/22/2022,10:42:37,abU58h8GqrgqG19iryFe,94
Yl7oyxMBHLPc1DVweFZY,06/22/2022,10:42:24,abU58h8GqrgqG19iryFe,93
KIvaliI296awc0nl32zm,06/22/2022,10:42:04,abU58h8GqrgqG19iryFe,92
0IqnNC45e2czDpAN5ACZ,06/22/2022,10:41:38,abU58h8GqrgqG19iryFe,91
NCMe74tESkGhhrlzFvq9,05/09/2022,12:59:44,abU58h8GqrgqG19iryFe,90
vc9bh2tDQdWsdkxE7eXQ,05/09/2022,12:59:37,abU58h8GqrgqG19iryFe,99
yYdFE0SFdqC2LeZWNod5,05/09/2022,12:59:30,abU58h8GqrgqG19iryFe,98
TCTYMPz3YuHiIwqTMpao,05/09/2022,12:59:22,abU58h8GqrgqG19iryFe,97
JP9xpLFAzInzIlFoS6aN,05/09/2022,12:59:15,abU58h8GqrgqG19iryFe,96
cNTdWATP2Z96UR5KSJ71,05/06/2022,12:12:22,abU58h8GqrgqG19iryFe,95
pHdmyDtmRS1Kyi8FRt2v,05/06/2022,12:11:43,abU58h8GqrgqG19iryFe,94
P1xkcKyjAzIBEcpTgO8p,05/06/2022,12:11:32,abU58h8GqrgqG19iryFe,93
fPvuApbZhX72VXAuKzwQ,05/06/2022,12:11:25,abU58h8GqrgqG19iryFe,92
6otWQ8hf4Jcbj7uO1E9y,05/06/2022,12:11:17,abU58h8GqrgqG19iryFe,91
aZsF7fKye6xpxlEi5OkW,05/04/2022,11:45:18,abU58h8GqrgqG19iryFe,90
1HvIGwDoY3MaEdezEcsj,05/04/2022,11:45:11,abU58h8GqrgqG19iryFe,99
1jjBzABJtmXF2PEryv3t,05/04/2022,11:45:04,abU58h8GqrgqG19iryFe,98
NkGaJhBZ2zfIYrzUdyiw,05/04/2022,11:43:26,abU58h8GqrgqG19iryFe,97
O2CKJLHJdV3QY8TvfFVp,05/04/2022,11:43:19,abU58h8GqrgqG19iryFe,96
APbyROIfoqRIn18wnZlo,05/04/2022,11:43:13,abU58h8GqrgqG19iryFe,95
KcxC3819nv8m27jQMoAB,05/04/2022,11:40:33,abU58h8GqrgqG19iryFe,94
vxhQlFAvNaS3LbkcFb1V,05/04/2022,11:40:26,abU58h8GqrgqG19iryFe,93
3mgrvdyI38c4MC8b7FCd,05/04/2022,11:40:11,abU58h8GqrgqG19iryFe,92
wFBPAy2ebV7tLSPIv84C,05/02/2022,11:49:12,abU58h8GqrgqG19iryFe,91
mDhe2ZPUb2N9vh0CeVG2,05/02/2022,11:49:05,abU58h8GqrgqG19iryFe,90
txTFCbHSOKsnEJwq24e9,05/02/2022,11:48:59,abU58h8GqrgqG19iryFe,99
cRR80TnVtTItMvrLkv3s,05/02/2022,11:48:52,abU58h8GqrgqG19iryFe,98
xZgaEGkVpIjfxIEDfGkF,05/02/2022,11:48:43,abU58h8GqrgqG19iryFe,97
agp3NAbQInMrEvPydfII,04/29/2022,12:02:02,abU58h8GqrgqG19iryFe,96
5K7MT4IpzZb7WfigFNGG,04/29/2022,12:01:49,abU58h8GqrgqG19iryFe,95
CaajT6INSNwEed6lvQw5,04/29/2022,12:01:29,abU58h8GqrgqG19iryFe,94
7rtILYutiYia4MPn6UpF,04/29/2022,12:01:22,abU58h8GqrgqG19iryFe,93
NjNhWTAlIb81t8QuUauM,04/29/2022,12:00:47,abU58h8GqrgqG19iryFe,92
vk7SrlsHuRadBt4omhgB,04/29/2022,12:00:40,abU58h8GqrgqG19iryFe,91
0CFW22YYORZ9L3YVbKcg,04/29/2022,12:00:30,abU58h8GqrgqG19iryFe,90
YXsz72FrzJEVCgWxBRJq,04/29/2022,12:00:21,abU58h8GqrgqG19iryFe,99
R8i3RQtQYkvwBA2Spywq,04/25/2022,11:53:39,abU58h8GqrgqG19iryFe,98
iaM7G9TGX0I6sfwVOZzz,04/25/2022,11:53:24,abU58h8GqrgqG19iryFe,97
7xi6Gobnmne06MDdVPEQ,04/25/2022,11:53:03,abU58h8GqrgqG19iryFe,96
bWlMhV7uByOF4Jy3DADz,04/25/2022,11:52:43,abU58h8GqrgqG19iryFe,95
k0aFausAqqP6QVzEECeK,04/22/2022,11:55:51,abU58h8GqrgqG19iryFe,94
X9NSPB542rRfmpAW9KAT,04/22/2022,11:55:41,abU58h8GqrgqG19iryFe,93
A72bG8ha2GDj8do6fOI5,04/22/2022,11:55:34,abU58h8GqrgqG19iryFe,92
hsfeV4rp24JRF8sXHbW0,04/22/2022,11:55:24,abU58h8GqrgqG19iryFe,91
VGAuPWcrrBRSoTUk8Wxi,04/21/2022,15:38:05,abU58h8GqrgqG19iryFe,90
Smdb3uocDBvAbxKpkzxp,04/20/2022,13:26:05,abU58h8GqrgqG19iryFe,99
9qi2LXoJJxfKVIiQkfiO,04/20/2022,13:25:56,abU58h8GqrgqG19iryFe,98
AkVGm1ZgwyTAtUkuGS8I,04/20/2022,13:25:22,abU58h8GqrgqG19iryFe,97
JZ3sauMx2YUmSPp0ywfl,04/14/2022,11:44:08,abU58h8GqrgqG19iryFe,96
YPV0Nn9fXRjGdjmrPfsW,04/07/2022,11:29:40,abU58h8GqrgqG19iryFe,95
DfnMtpRV9eJhtMx7e8GJ,04/07/2022,11:29:30,abU58h8GqrgqG19iryFe,94
AtUmk2zwpKiAeOBysbLI,04/07/2022,11:29:23,abU58h8GqrgqG19iryFe,93
R4boOZaxZP5TMmVlLy1u,04/06/2022,12:03:27,abU58h8GqrgqG19iryFe,92
xhg6mDpJO2kPm07UBAYd,04/06/2022,12:03:20,abU58h8GqrgqG19iryFe,91
FHKI2JJKce36u3L8cCug,04/06/2022,12:03:13,abU58h8GqrgqG19iryFe,90
PzKbMaWTpnCts6L7TeiJ,04/05/2022,13:55:03,abU58h8GqrgqG19iryFe,99
nUKWRETgUlolCXz7ju9Q,04/01/2022,12:20:50,abU58h8GqrgqG19iryFe,98
ZKQWHXIjn2ARIJSgJpoa,04/01/2022,12:20:42,abU58h8GqrgqG19iryFe,97
1IDS5abzI9mtpPMrZfbq,04/01/2022,12:20:36,abU58h8GqrgqG19iryFe,96
TkMcCoIG0aaXt7QQqNzV,04/01/2022,12:20:29,abU58h8GqrgqG19iryFe,95
x8aOASyXEn233aLK07ip,03/29/2022,12:57:39,abU58h8GqrgqG19iryFe,94
KyTvRaDnYYIu0G6pdGhf,03/28/2022,12:09:37,abU58h8GqrgqG19iryFe,93
CWNTa9tEl7ZkIw5iA2pY,03/28/2022,12:09:29,abU58h8GqrgqG19iryFe,92
LPYmuHwiaiu6Zaa3Sn81,03/28/2022,12:09:22,abU58h8GqrgqG19iryFe,91
Rqyl76jjO8RGj9UFWuDG,03/28/2022,12:09:14,abU58h8GqrgqG19iryFe,90
vlUb8PCYFcoxWyOLoGkf,03/18/2022,11:59:55,abU58h8GqrgqG19iryFe,99
rOYPqG7Tf7CfuinYZOh9,03/18/2022,11:59:46,abU58h8GqrgqG19iryFe,98
cewKT8WNAc9oIRvFQSfG,03/18/2022,11:59:37,abU58h8GqrgqG19iryFe,97
FwPJJ1UVMpvuMMTKx0Ft,03/17/2022,13:55:57,abU58h8GqrgqG19iryFe,96
8vFyByosoqCIiN5ayCEc,03/17/2022,13:55:50,abU58h8GqrgqG19iryFe,95
ivyU1MqY2rOSCT0XNJ5J,03/10/2022,13:07:33,abU58h8GqrgqG19iryFe,94
plToVHSstkP0bJSwyEb9,03/10/2022,13:07:23,abU58h8GqrgqG19iryFe,93
Ori8JDEsqdHB16y0icv7,03/09/2022,12:39:54,abU58h8GqrgqG19iryFe,92
RSCww6DAVd61D2JZFfi7,03/09/2022,12:39:47,abU58h8GqrgqG19iryFe,91
zR3HSWQ2Rn4j4KFJjFKc,03/09/2022,12:39:40,abU58h8GqrgqG19iryFe,90
i8CAGP1eqc8eiC7gAG1j,03/03/2022,11:34:58,abU58h8GqrgqG19iryFe,99
CCHggiItVTmNIu108rfO,03/03/2022,11:34:51,abU58h8GqrgqG19iryFe,98
re3HDseA3X2GfsVEDCL8,03/03/2022,11:34:41,abU58h8GqrgqG19iryFe,97
KWT87pYqOQxWTvxLAp50,03/02/2022,14:18:04,abU58h8GqrgqG19iryFe,96
XTvob5dlMTR8jK6Uabsx,02/28/2022,10:46:27,abU58h8GqrgqG19iryFe,95
JPxvKefWHNkOPDqH2WbO,02/28/2022,10:46:21,abU58h8GqrgqG19iryFe,94
X4XAWSAWqSk86wG2RW4e,02/28/2022,10:46:14,abU58h8GqrgqG19iryFe,93
mcGLsktR0CnXO71ybs37,02/25/2022,11:32:17,abU58h8GqrgqG19iryFe,92
pLaqTrNgHJBRmppKTjNB,02/25/2022,11:32:10,abU58h8GqrgqG19iryFe,91
jr2kw0HYvjHzFZYvjbtp,02/25/2022,11:32:01,abU58h8GqrgqG19iryFe,90
ghEv03zzpbQ3hhuIg8zg,02/23/2022,13:10:19,abU58h8GqrgqG19iryFe,99
rvnoH43mmGGXjHoTf8VA,02/23/2022,13:10:12,abU58h8GqrgqG19iryFe,98
wz8BTJAarsn1DruSM8Zq,02/23/2022,13:10:02,abU58h8GqrgqG19iryFe,97
5WlijMUWTNUGqet6Itf3,02/22/2022,12:42:24,abU58h8GqrgqG19iryFe,96
3U5B9AGt9pxcr3cVEJoT,02/22/2022,12:42:16,abU58h8GqrgqG19iryFe,95
7JRwjXjCoolJruocIJzp,02/22/2022,12:42:09,abU58h8GqrgqG19iryFe,94
Jp5sz2tekx49wtHiCPyd,02/18/2022,12:15:43,abU58h8GqrgqG19iryFe,93
X2vP4tnptOSP9wGrf2kz,02/18/2022,12:15:36,abU58h8GqrgqG19iryFe,92
1tLBMbB8tR9uwlCRH3ZX,02/18/2022,12:15:29,abU58h8GqrgqG19iryFe,91
o5BhzUzV4qErfLbjOMLu,02/17/2022,11:41:13,abU58h8GqrgqG19iryFe,90
CBKcipNmaf6MWixPkcXq,02/17/2022,11:41:07,abU58h8GqrgqG19iryFe,99
LTgQ5NZRaqMPyycbgfFh,02/17/2022,11:41:00,abU58h8GqrgqG19iryFe,98
KfKQl3zcsBRBKnibGQLd,02/16/2022,11:54:41,abU58h8GqrgqG19iryFe,97
1O4TGsMclzW1dgifnXF6,02/16/2022,11:54:34,abU58h8GqrgqG19iryFe,96
wjimo5wSGxiynRZihpAR,02/16/2022,11:54:26,abU58h8GqrgqG19iryFe,95
80lIbdiBjDcdOEPrFErz,02/15/2022,11:44:27,abU58h8GqrgqG19iryFe,94
KJIZhDDGShewiUUB6AQi,02/15/2022,11:44:20,abU58h8GqrgqG19iryFe,93
ULeQ7T0uHEB72yyuxTIX,02/15/2022,11:44:13,abU58h8GqrgqG19iryFe,92
aSvd9Fx4Y7CvTuHPUWcb,02/14/2022,12:15:28,abU58h8GqrgqG19iryFe,91
ydZzWEclIPd10GvdMNKR,02/14/2022,12:15:21,abU58h8GqrgqG19iryFe,90
4mXhpNHdIj3Cbh3cgAZn,02/14/2022,12:15:12,abU58h8GqrgqG19iryFe,99
fMNFQoahIos8XzEj5rQ3,02/11/2022,11:36:33,abU58h8GqrgqG19iryFe,98
HBMk04gMMeAt9NmMTvGH,02/11/2022,11:36:26,abU58h8GqrgqG19iryFe,97
3L9Esqz4kznHRZf6D2sj,02/09/2022,12:09:28,abU58h8GqrgqG19iryFe,96
BjC05629RoaccV8ECUSy,02/09/2022,12:09:21,abU58h8GqrgqG19iryFe,95
tg5hCsEvEyT1eKXOvTJB,02/09/2022,12:09:13,abU58h8GqrgqG19iryFe,94
Wreg2gsSiTknKNycweKL,02/08/2022,11:48:48,abU58h8GqrgqG19iryFe,93
zjZtiZMJUXi03MqtZFUx,02/08/2022,11:48:40,abU58h8GqrgqG19iryFe,92
wnfmGxhSlOA86Td0m3Kp,02/08/2022,11:48:32,abU58h8GqrgqG19iryFe,91
JSgh1i5RlEPfISDrvJBv,02/03/2022,12:25:48,abU58h8GqrgqG19iryFe,90
WfWsAlqAXNJPbSGlA7M9,02/03/2022,12:25:40,abU58h8GqrgqG19iryFe,99
lHi9BzRT3Ij60756MfKK,02/03/2022,12:25:33,abU58h8GqrgqG19iryFe,98
90PB9lIqfbxz0bahJfMX,02/02/2022,12:12:01,abU58h8GqrgqG19iryFe,97
E48diBscbPbntBjz7Obc,02/02/2022,12:11:55,abU58h8GqrgqG19iryFe,96
9Sjp5l5lRiOnWKc8dI7m,02/02/2022,12:11:46,abU58h8GqrgqG19iryFe,95
DievExRkmQMZUH7mPSSP,01/27/2022,09:11:42,abU58h8GqrgqG19iryFe,94
MLHkSjAFZErpGQJIpCsD,01/27/2022,09:11:34,abU58h8GqrgqG19iryFe,93
hyocJuL6BRua5aQojCyl,01/27/2022,09:11:26,abU58h8GqrgqG19iryFe,92
HCIP6o6XFzQBx9dY4Htm,01/25/2022,11:17:13,abU58h8GqrgqG19iryFe,91
cCYqBD3THa9rcu48bjgA,01/25/2022,11:17:07,abU58h8GqrgqG19iryFe,90
7XFTMVZpWGLM3rTBFyXH,01/25/2022,11:16:59,abU58h8GqrgqG19iryFe,99
wQYN14Dzn4r7DAbD34fR,01/25/2022,10:14:03,abU58h8GqrgqG19iryFe,98
v4wol05oHF7wKfRzS1Sa,01/20/2022,12:17:05,abU58h8GqrgqG19iryFe,97
1c3mIJ1O3s7JpINZhhMy,01/18/2022,12:22:48,abU58h8GqrgqG19iryFe,96
DLBXagnDVFyeqkLbXj0u,01/18/2022,12:22:41,abU58h8GqrgqG19iryFe,95
duXu4S75f22GXPgQmvtH,01/18/2022,12:22:34,abU58h8GqrgqG19iryFe,94
P5zyqYOoCKpdeeqnR0Ay,01/14/2022,14:47:17,abU58h8GqrgqG19iryFe,93
gGEvNWA2MzRV8evgUxoa,01/13/2022,11:33:22,abU58h8GqrgqG19iryFe,92
FmtIFhw1wLY8d92x41Ux,01/13/2022,11:33:14,abU58h8GqrgqG19iryFe,91
CpAOv7RxrgzfEiCbZuWY,01/13/2022,11:33:04,abU58h8GqrgqG19iryFe,90
OhEYnaqzPuTrVJPtQVoK,01/11/2022,08:38:58,abU58h8GqrgqG19iryFe,99
JqkQBQgVWdjYAbeUMmNb,12/02/2021,15:56:40,abU58h8GqrgqG19iryFe,98
rNfkLKJuIp5qnDVnqAxr,12/02/2021,12:39:40,abU58h8GqrgqG19iryFe,97
kQ0OiuOwBBHH5B9SE1EW,12/02/2021,12:39:29,abU58h8GqrgqG19iryFe,96
4P1HvjluNT8jmuX2nAAR,12/01/2021,13:53:27,abU58h8GqrgqG19iryFe,95
RPzeJapGt5KFfGtc4C9F,12/01/2021,13:53:08,abU58h8GqrgqG19iryFe,94
kuf829R0cjerstVbUPaR,12/01/2021,13:52:59,abU58h8GqrgqG19iryFe,93
0P9motODWR4sFGydYpXG,11/19/2021,09:18:01,abU58h8GqrgqG19iryFe,92
NHR8Pvm1GYCCShaQwFAu,11/19/2021,09:17:47,abU58h8GqrgqG19iryFe,91
qG6QwbWZtEBtMKxGo1dh,11/19/2021,09:17:39,abU58h8GqrgqG19iryFe,90
HrDVbcXfHBllMVs8i4ob,11/19/2021,09:17:29,abU58h8GqrgqG19iryFe,99
A2hjvdAvZfFFc1TTOIm6,11/12/2021,12:40:24,abU58h8GqrgqG19iryFe,98
K7DsPWYtckhvKwkZJGXQ,11/12/2021,12:40:10,abU58h8GqrgqG19iryFe,97
p0TE1qNEZeZpprqGzbPN,11/12/2021,12:39:57,abU58h8GqrgqG19iryFe,96
KbjdZPTMF2UGA681EnzX,09/02/2021,14:40:20,abU58h8GqrgqG19iryFe,95